<?xml version="1.0" encoding="UTF-8" standalone="yes"?>
<GenericMetadata xsi:schemaLocation="http://www.SDMX.org/resources/SDMXML/schemas/v2_0/genericmetadata SDMXGenericMetadata.xsd http://www.SDMX.org/resources/SDMXML/schemas/v2_0/message SDMXMessage.xsd" xmlns="http://www.SDMX.org/resources/SDMXML/schemas/v2_0/message" xmlns:genericmetadata="http://www.SDMX.org/resources/SDMXML/schemas/v2_0/genericmetadata" xmlns:common="http://www.SDMX.org/resources/SDMXML/schemas/v2_0/common" xmlns:compact="http://www.SDMX.org/resources/SDMXML/schemas/v2_0/compact" xmlns:cross="http://www.SDMX.org/resources/SDMXML/schemas/v2_0/cross" xmlns:generic="http://www.SDMX.org/resources/SDMXML/schemas/v2_0/generic" xmlns:structure="http://www.SDMX.org/resources/SDMXML/schemas/v2_0/structure" xmlns:xsi="http://www.w3.org/2001/XMLSchema-instance">
    <Header>
        <ID>EUROIND_ESMS_A</ID>
        <Test>false</Test>
        <Name>EUROIND_ESMS_A_4D_2018_0000 (euroind_esms)</Name>
        <Prepared>2024-08-16T15:19:37</Prepared>
        <Sender id="4D0">
            <Contact/>
        </Sender>
        <DataSetID>EUROIND_ESMS_A_1723814377985</DataSetID>
        <DataSetAction></DataSetAction>
        <Extracted></Extracted>
        <ReportingBegin>2018-01-01T00:00:00</ReportingBegin>
        <ReportingEnd>2018-12-31T00:00:00</ReportingEnd>
        <DataSetAgency>ESTAT</DataSetAgency>
    </Header>
    <genericmetadata:MetadataSet>
        <genericmetadata:MetadataStructureRef>ESMS_MSD</genericmetadata:MetadataStructureRef>
        <genericmetadata:MetadataStructureAgencyRef>ESTAT</genericmetadata:MetadataStructureAgencyRef>
        <genericmetadata:ReportRef>ESMS_REPORT_FULL</genericmetadata:ReportRef>
        <genericmetadata:AttributeValueSet>
            <genericmetadata:TargetRef>FULL_ESMS</genericmetadata:TargetRef>
            <genericmetadata:TargetValues>
                <genericmetadata:ComponentValue component="TIME_PERIOD" object="TimeDimension">2018-A0</genericmetadata:ComponentValue>
                <genericmetadata:ComponentValue component="DATA_PROVIDER" object="DataProvider">4D0</genericmetadata:ComponentValue>
                <genericmetadata:ComponentValue component="DATAFLOW" object="DataFlow">EUROIND_ESMS_A:1.0</genericmetadata:ComponentValue>
            </genericmetadata:TargetValues>
            <genericmetadata:ReportedAttribute conceptID="CONTACT">
                <genericmetadata:Value></genericmetadata:Value>
                <genericmetadata:ReportedAttribute conceptID="CONTACT_ORGANISATION">
                    <genericmetadata:Value>&lt;p&gt;Eurostat, the statistical office of the European Union&lt;/p&gt;</genericmetadata:Value>
                </genericmetadata:ReportedAttribute>
                <genericmetadata:ReportedAttribute conceptID="ORGANISATION_UNIT">
                    <genericmetadata:Value>&lt;p&gt;C1: National accounts methodology; Standards and indicators&lt;/p&gt;</genericmetadata:Value>
                </genericmetadata:ReportedAttribute>
                <genericmetadata:ReportedAttribute conceptID="CONTACT_NAME">
                    <genericmetadata:Value>Restricted from publication</genericmetadata:Value>
                    <genericmetadata:Annotations>
                        <common:Annotation>
                            <common:AnnotationType>RESTRICTED_FOR_PUBLICATION</common:AnnotationType>
                            <common:AnnotationText>YES</common:AnnotationText>
                        </common:Annotation>
                    </genericmetadata:Annotations>
                </genericmetadata:ReportedAttribute>
                <genericmetadata:ReportedAttribute conceptID="CONTACT_FUNCT">
                    <genericmetadata:Value>Restricted from publication</genericmetadata:Value>
                    <genericmetadata:Annotations>
                        <common:Annotation>
                            <common:AnnotationType>RESTRICTED_FOR_PUBLICATION</common:AnnotationType>
                            <common:AnnotationText>YES</common:AnnotationText>
                        </common:Annotation>
                    </genericmetadata:Annotations>
                </genericmetadata:ReportedAttribute>
                <genericmetadata:ReportedAttribute conceptID="CONTACT_MAIL">
                    <genericmetadata:Value>&lt;p&gt;2920 Luxembourg LUXEMBOURG&lt;/p&gt;</genericmetadata:Value>
                </genericmetadata:ReportedAttribute>
                <genericmetadata:ReportedAttribute conceptID="CONTACT_EMAIL">
                    <genericmetadata:Value>Restricted from publication</genericmetadata:Value>
                    <genericmetadata:Annotations>
                        <common:Annotation>
                            <common:AnnotationType>RESTRICTED_FOR_PUBLICATION</common:AnnotationType>
                            <common:AnnotationText>YES</common:AnnotationText>
                        </common:Annotation>
                    </genericmetadata:Annotations>
                </genericmetadata:ReportedAttribute>
                <genericmetadata:ReportedAttribute conceptID="CONTACT_PHONE">
                    <genericmetadata:Value>Restricted from publication</genericmetadata:Value>
                    <genericmetadata:Annotations>
                        <common:Annotation>
                            <common:AnnotationType>RESTRICTED_FOR_PUBLICATION</common:AnnotationType>
                            <common:AnnotationText>YES</common:AnnotationText>
                        </common:Annotation>
                    </genericmetadata:Annotations>
                </genericmetadata:ReportedAttribute>
                <genericmetadata:ReportedAttribute conceptID="CONTACT_FAX">
                    <genericmetadata:Value>Restricted from publication</genericmetadata:Value>
                    <genericmetadata:Annotations>
                        <common:Annotation>
                            <common:AnnotationType>RESTRICTED_FOR_PUBLICATION</common:AnnotationType>
                            <common:AnnotationText>YES</common:AnnotationText>
                        </common:Annotation>
                    </genericmetadata:Annotations>
                </genericmetadata:ReportedAttribute>
            </genericmetadata:ReportedAttribute>
            <genericmetadata:ReportedAttribute conceptID="META_UPDATE">
                <genericmetadata:Value></genericmetadata:Value>
                <genericmetadata:ReportedAttribute conceptID="META_CERTIFIED">
                    <genericmetadata:Value>2023-11-29</genericmetadata:Value>
                </genericmetadata:ReportedAttribute>
                <genericmetadata:ReportedAttribute conceptID="META_POSTED">
                    <genericmetadata:Value>2023-11-29</genericmetadata:Value>
                </genericmetadata:ReportedAttribute>
                <genericmetadata:ReportedAttribute conceptID="META_LAST_UPDATE">
                    <genericmetadata:Value>2023-11-29</genericmetadata:Value>
                </genericmetadata:ReportedAttribute>
            </genericmetadata:ReportedAttribute>
            <genericmetadata:ReportedAttribute conceptID="STAT_PRES">
                <genericmetadata:Value></genericmetadata:Value>
                <genericmetadata:ReportedAttribute conceptID="DATA_DESCR">
                    <genericmetadata:Value>&lt;p&gt;With most EU Member States participating in the Economic and Monetary Union (EMU), infra-annual economic statistics for the euro area and the European Union as a whole are of great importance for collective and private decision-making. The momentum of the EU economies, in particular the euro area economy, has to be assessed continuously.&lt;/p&gt;
&lt;p&gt;The special domain of ‘Euro-indicators and Principal European Economic Indicators (PEEIs)’ is dedicated to infra-annual economic statistics such as consumer prices, national accounts, balance of payments, external trade, industry, trade and services, labour market, as well as a selection of monetary and financial indicators of the European Central Bank (ECB) and business and consumer survey results from the European Commission’s Directorate-General for Economic and Financial Affairs (DG ECFIN).&lt;/p&gt;
&lt;p&gt;A &lt;a href="https://ec.europa.eu/eurostat/web/euro-indicators/overview" target="_blank"&gt;dedicated section&lt;/a&gt; on Eurostat’s website provides more information about the domain and gives access to the related &lt;a href="https://ec.europa.eu/eurostat/web/euro-indicators/database" target="_blank"&gt;datasets&lt;/a&gt; in Eurostat’s online database. Data are available for the euro area, the European Union and for individual countries.&lt;/p&gt;
&lt;p&gt;There are nine topics within the domain, each one of which has specific metadata:&lt;/p&gt;
&lt;ul&gt;
&lt;li&gt;Balance of payments:&amp;nbsp;&lt;a href="http://ec.europa.eu/eurostat/cache/metadata/EN/ei_bp_esms.htm" target="_blank"&gt;ei_bp_esms&lt;/a&gt;&lt;/li&gt;
&lt;li&gt;Business and consumers surveys:&amp;nbsp;&lt;a href="http://ec.europa.eu/eurostat/cache/metadata/EN/ei_bcs_esms.htm" target="_blank"&gt;ei_bcs_esms&lt;/a&gt;&lt;/li&gt;
&lt;li&gt;Consumer prices:&amp;nbsp;&lt;a href="http://ec.europa.eu/eurostat/cache/metadata/EN/ei_cp_esms.htm" target="_blank"&gt;ei_cp_esms&lt;/a&gt;&lt;/li&gt;
&lt;li&gt;Housing prices:&amp;nbsp;&lt;a href="https://ec.europa.eu/eurostat/cache/metadata/en/prc_hpi_inx_esms.htm" target="_blank"&gt;prc_hpi_inx_esms&lt;/a&gt;&amp;nbsp;(metadata of the source dataset)&lt;/li&gt;
&lt;li&gt;Industry, trade and services:&amp;nbsp;&lt;a href="http://ec.europa.eu/eurostat/cache/metadata/EN/ei_is_esms.htm" target="_blank"&gt;ei_is_esms&lt;/a&gt;&lt;/li&gt;
&lt;li&gt;International trade:&amp;nbsp;&lt;a href="http://ec.europa.eu/eurostat/cache/metadata/EN/ei_et_esms.htm" target="_blank"&gt;ei_et_esms&lt;/a&gt;&lt;/li&gt;
&lt;li&gt;Labour market:&amp;nbsp;&lt;a href="http://ec.europa.eu/eurostat/cache/metadata/EN/une_rt_m_esms.htm" target="_blank"&gt;une_rt_m_esms&lt;/a&gt;, &lt;a href="http://ec.europa.eu/eurostat/cache/metadata/EN/lci_esms.htm" target="_blank"&gt;lci_esms&lt;/a&gt;, &lt;a href="http://ec.europa.eu/eurostat/cache/metadata/EN/jvs_esms.htm" target="_blank"&gt;jvs_esms&lt;/a&gt; (metadata of the source dataset)&lt;/li&gt;
&lt;li&gt;Monetary and financial indicators:&amp;nbsp;&lt;a href="http://ec.europa.eu/eurostat/cache/metadata/EN/ei_mf_esms.htm" target="_blank"&gt;ei_mf_esms&lt;/a&gt;&lt;/li&gt;
&lt;li&gt;National accounts:&amp;nbsp;&lt;a href="http://ec.europa.eu/eurostat/cache/metadata/EN/ei_qna_esms.htm" target="_blank"&gt;ei_qna_esms&lt;/a&gt;&lt;/li&gt;
&lt;/ul&gt;
&lt;p&gt;With the exception of the results from business and consumer surveys, all Euro indicators and PEEIs are based on other datasets of Eurostat. The metadata files per topic contain links to the metadata files of the source datasets.&lt;/p&gt;</genericmetadata:Value>
                </genericmetadata:ReportedAttribute>
                <genericmetadata:ReportedAttribute conceptID="CLASS_SYSTEM">
                    <genericmetadata:Value>&lt;p&gt;See metadata by topic (links are available in the section ‘Related metadata’ below).&lt;/p&gt;</genericmetadata:Value>
                </genericmetadata:ReportedAttribute>
                <genericmetadata:ReportedAttribute conceptID="COVERAGE_SECTOR">
                    <genericmetadata:Value>&lt;p&gt;See metadata by topic (links are available in the section &amp;lsquo;Related metadata&amp;rsquo; below).&lt;/p&gt;</genericmetadata:Value>
                </genericmetadata:ReportedAttribute>
                <genericmetadata:ReportedAttribute conceptID="STAT_CONC_DEF">
                    <genericmetadata:Value>&lt;p&gt;See metadata by topic (links are available in the section &amp;lsquo;Related metadata&amp;rsquo; below).&lt;/p&gt;</genericmetadata:Value>
                </genericmetadata:ReportedAttribute>
                <genericmetadata:ReportedAttribute conceptID="STAT_UNIT">
                    <genericmetadata:Value>&lt;p&gt;See metadata by topic (links are available in the section &amp;lsquo;Related metadata&amp;rsquo; below).&lt;/p&gt;</genericmetadata:Value>
                </genericmetadata:ReportedAttribute>
                <genericmetadata:ReportedAttribute conceptID="STAT_POP">
                    <genericmetadata:Value>&lt;p&gt;See metadata by topic (links are available in the section &amp;lsquo;Related metadata&amp;rsquo; below).&lt;/p&gt;</genericmetadata:Value>
                </genericmetadata:ReportedAttribute>
                <genericmetadata:ReportedAttribute conceptID="REF_AREA">
                    <genericmetadata:Value>&lt;p&gt;Euro area, European Union, EU Member States, candidate countries, EFTA countries, United States and Japan.&lt;/p&gt;</genericmetadata:Value>
                </genericmetadata:ReportedAttribute>
                <genericmetadata:ReportedAttribute conceptID="COVERAGE_TIME">
                    <genericmetadata:Value>&lt;p&gt;See metadata by topic (links are available in the section &amp;lsquo;Related metadata&amp;rsquo; below).&lt;/p&gt;</genericmetadata:Value>
                </genericmetadata:ReportedAttribute>
                <genericmetadata:ReportedAttribute conceptID="BASE_PER">
                    <genericmetadata:Value>&lt;p&gt;See metadata by topic (links are available in the section &amp;lsquo;Related metadata&amp;rsquo; below).&lt;/p&gt;</genericmetadata:Value>
                </genericmetadata:ReportedAttribute>
            </genericmetadata:ReportedAttribute>
            <genericmetadata:ReportedAttribute conceptID="UNIT_MEASURE">
                <genericmetadata:Value>&lt;p&gt;See metadata by topic (links are available in the section &amp;lsquo;Related metadata&amp;rsquo; below).&lt;/p&gt;</genericmetadata:Value>
            </genericmetadata:ReportedAttribute>
            <genericmetadata:ReportedAttribute conceptID="REF_PERIOD">
                <genericmetadata:Value>&lt;p&gt;See metadata by topic (links are available in the section &amp;lsquo;Related metadata&amp;rsquo; below).&lt;/p&gt;</genericmetadata:Value>
            </genericmetadata:ReportedAttribute>
            <genericmetadata:ReportedAttribute conceptID="INST_MANDATE">
                <genericmetadata:Value></genericmetadata:Value>
                <genericmetadata:ReportedAttribute conceptID="INST_MAN_LA_OA">
                    <genericmetadata:Value>&lt;p&gt;&lt;a href="https://eur-lex.europa.eu/legal-content/en/TXT/?uri=CELEX%3A32009R0223" target="_blank"&gt;Regulation (EC) No 223/2009&lt;/a&gt;&amp;nbsp;of the European Parliament and of the Council on European statistics.&lt;a href="https://eur-lex.europa.eu/LexUriServ/LexUriServ.do?uri=OJ:L:1997:052:0001:0007:En:PDF" target="_blank"&gt;&lt;br /&gt;&lt;/a&gt;&lt;/p&gt;
&lt;p&gt;Specific information on legislation can be found in metadata by topic (links are available in the section ‘Related metadata’ below) and in the dedicated sections for some of the topics on Eurostat’s website, under the heading ‘Legislation’:&lt;/p&gt;
&lt;ul&gt;
&lt;li&gt;Legislation related to&amp;nbsp;&lt;a href="https://ec.europa.eu/eurostat/web/balance-of-payments/legislation" target="_blank"&gt;Balance of payments&lt;/a&gt;&lt;/li&gt;
&lt;li&gt;Legislation related to&amp;nbsp;&lt;a href="https://ec.europa.eu/eurostat/web/hicp/legislation" target="_blank"&gt;Consumer prices (HICP)&lt;/a&gt;&amp;nbsp;&lt;/li&gt;
&lt;li&gt;Legislation related to &lt;a href="https://ec.europa.eu/eurostat/web/housing-price-statistics/legislation" target="_blank"&gt;Housing prices&lt;/a&gt;&lt;/li&gt;
&lt;li&gt;Legislation related to&amp;nbsp;&lt;a href="https://ec.europa.eu/eurostat/web/short-term-business-statistics/legislation" target="_blank"&gt;Industry, trade and services&lt;/a&gt;&amp;nbsp;(short-term business statistics)&lt;/li&gt;
&lt;li&gt;Legislation related to&amp;nbsp;&lt;a href="https://ec.europa.eu/eurostat/web/international-trade-in-goods/legislation" target="_blank"&gt;International trade&lt;/a&gt;&amp;nbsp;&lt;/li&gt;
&lt;li&gt;Legislation related to&amp;nbsp;&lt;a href="https://ec.europa.eu/eurostat/web/labour-market/legislation" target="_blank"&gt;Labour market&lt;/a&gt; (job vacancies, labour costs)&lt;/li&gt;
&lt;li&gt;Legislation related to&amp;nbsp;&lt;a href="https://ec.europa.eu/eurostat/web/lfs/legislation" target="_blank"&gt;Unemployment&lt;/a&gt;&amp;nbsp;&lt;/li&gt;
&lt;li&gt;Legislation related to&amp;nbsp;&lt;a href="https://ec.europa.eu/eurostat/web/national-accounts/legislation" target="_blank"&gt;National accounts&lt;/a&gt;&lt;/li&gt;
&lt;li&gt;Legislation related to &lt;a href="https://ec.europa.eu/eurostat/web/government-finance-statistics/legislation" target="_blank"&gt;Government finance statistics&lt;/a&gt;&lt;/li&gt;
&lt;li&gt;Legislation related to &lt;a href="https://ec.europa.eu/eurostat/web/sector-accounts/legislation" target="_blank"&gt;Sector accounts&lt;/a&gt;&lt;/li&gt;
&lt;/ul&gt;</genericmetadata:Value>
                </genericmetadata:ReportedAttribute>
                <genericmetadata:ReportedAttribute conceptID="INST_MAN_SHAR">
                    <genericmetadata:Value>&lt;p&gt;Prior to its release to the public, specific data are forwarded routinely to the European Central Bank (ECB) for their internal use. ECB respects the embargo according to the news release calendar.&lt;/p&gt;</genericmetadata:Value>
                </genericmetadata:ReportedAttribute>
            </genericmetadata:ReportedAttribute>
            <genericmetadata:ReportedAttribute conceptID="CONF">
                <genericmetadata:Value></genericmetadata:Value>
                <genericmetadata:ReportedAttribute conceptID="CONF_POLICY">
                    <genericmetadata:Value>&lt;p&gt;&lt;a href="https://eur-lex.europa.eu/legal-content/en/TXT/?uri=CELEX%3A32009R0223" target="_blank"&gt;Regulation (EC) No 223/2009&lt;/a&gt;&amp;nbsp;(recital 24 and Article 20(4)) of 11 March 2009 (OJ L 87, p. 164) on European statistics stipulates the need to establish common principles and guidelines ensuring the confidentiality of data used for the production of European statistics and the access to those confidential data with due account for technical developments and the requirements of users in a democratic society.&lt;/p&gt;</genericmetadata:Value>
                </genericmetadata:ReportedAttribute>
                <genericmetadata:ReportedAttribute conceptID="CONF_DATA_TR">
                    <genericmetadata:Value>&lt;p&gt;According to policy rules (see section 7.1).&lt;/p&gt;</genericmetadata:Value>
                </genericmetadata:ReportedAttribute>
            </genericmetadata:ReportedAttribute>
            <genericmetadata:ReportedAttribute conceptID="REL_POLICY">
                <genericmetadata:Value></genericmetadata:Value>
                <genericmetadata:ReportedAttribute conceptID="REL_CAL_POLICY">
                    <genericmetadata:Value>&lt;p&gt;A &lt;a href="https://ec.europa.eu/eurostat/web/main/news/euro-indicators/release-calendar?type=listMonth"&gt;Euro indicator release calendar&lt;/a&gt;&amp;nbsp;is published on&amp;nbsp;Eurostat’s&amp;nbsp;website. National data are published by the National Statistical Institutes (NSI) following national dissemination calendars. Please consult NSI’s websites to get national dissemination calendar (links are provided on &lt;a href="https://ec.europa.eu/eurostat/web/european-statistical-system/overview" target="_blank"&gt;Eurostat’s website&lt;/a&gt;). National data are published by Eurostat immediately after their reception.&lt;/p&gt;</genericmetadata:Value>
                </genericmetadata:ReportedAttribute>
                <genericmetadata:ReportedAttribute conceptID="REL_CAL_ACCESS">
                    <genericmetadata:Value>&lt;p&gt;&lt;a href="https://ec.europa.eu/eurostat/web/main/news/euro-indicators/release-calendar?type=listMonth"&gt;Euro indicator release calendar&lt;/a&gt;&lt;/p&gt;</genericmetadata:Value>
                </genericmetadata:ReportedAttribute>
                <genericmetadata:ReportedAttribute conceptID="REL_POL_US_AC">
                    <genericmetadata:Value>&lt;p&gt;In line with the Community legal framework and the &lt;a href="https://ec.europa.eu/eurostat/web/quality/european-quality-standards/european-statistics-code-of-practice" target="_blank"&gt;European Statistics Code of Practice&lt;/a&gt; Eurostat disseminates European statistics on Eurostat’s website (see principle 10 – ‘Accessibility and Clarity’), respecting professional independence and in an objective, professional and transparent manner in which all users are treated equitably. The detailed arrangements are governed by&amp;nbsp;&lt;a href="https://ec.europa.eu/eurostat/about-us/impartiality-protocol" target="_blank"&gt;Eurostat’s protocol on impartial access to Eurostat data for users&lt;/a&gt;.&lt;/p&gt;</genericmetadata:Value>
                </genericmetadata:ReportedAttribute>
            </genericmetadata:ReportedAttribute>
            <genericmetadata:ReportedAttribute conceptID="FREQ_DISS">
                <genericmetadata:Value>&lt;p&gt;Euro indicators and PEEIs are released on a monthly or quarterly basis. For individual series, see metadata by topic (links are available in the section ‘Related metadata’ below).&lt;/p&gt;</genericmetadata:Value>
            </genericmetadata:ReportedAttribute>
            <genericmetadata:ReportedAttribute conceptID="ACCESSIBILITY_CLARITY">
                <genericmetadata:Value></genericmetadata:Value>
                <genericmetadata:ReportedAttribute conceptID="NEWS_REL">
                    <genericmetadata:Value>&lt;p&gt;News releases are published on &lt;a href="https://ec.europa.eu/eurostat/web/main/news/euro-indicators" target="_blank"&gt;Eurostat’s website&lt;/a&gt;.&lt;/p&gt;</genericmetadata:Value>
                </genericmetadata:ReportedAttribute>
                <genericmetadata:ReportedAttribute conceptID="PUBLICATIONS">
                    <genericmetadata:Value>&lt;p&gt;The dedicated section for &lt;a href="https://ec.europa.eu/eurostat/web/euro-indicators" target="_blank"&gt;Euro indicators and PEEIs&lt;/a&gt; on Eurostat’s website contains links to related publications. This includes Statistics Explained articles, euro indicators news, statistical publications, working papers, and the yearly&lt;a title="link" href="https://ec.europa.eu/eurostat/web/euro-indicators/publications"&gt; &lt;em&gt;EFS Status Report&lt;/em&gt;&lt;/a&gt;.&lt;/p&gt;
&lt;p&gt;Selected data are published in the monthly article &lt;a href="https://ec.europa.eu/eurostat/statistics-explained/index.php?title=Eurostatistics_-_data_for_short-term_economic_analysis"&gt;Eurostatistics&amp;nbsp;- data for short-term economic analysis&lt;/a&gt;&amp;nbsp;on Statistics Explained and in the &lt;a href="https://ec.europa.eu/eurostat/cache/dashboard/euro-indicators/" target="_blank"&gt;Euro indicators dashboard&lt;/a&gt;.&lt;/p&gt;
&lt;p&gt;Specific publications can be found in metadata by topic (links are available in the section ‘Related metadata’ below) and in the dedicated sections for some of the topics on Eurostat’s website, under the heading ‘Publications’:&lt;/p&gt;
&lt;ul&gt;
&lt;li&gt;Publications&amp;nbsp;related to&amp;nbsp;&lt;a href="https://ec.europa.eu/eurostat/web/balance-of-payments/publications" target="_blank"&gt;Balance of payments&lt;/a&gt;&lt;/li&gt;
&lt;li&gt;Publications&amp;nbsp;related to&amp;nbsp;&lt;a href="https://ec.europa.eu/eurostat/web/hicp/publications" target="_blank"&gt;Consumer prices&lt;/a&gt; (HICP)&amp;nbsp;&lt;/li&gt;
&lt;li&gt;Publications&amp;nbsp;related to&amp;nbsp;&lt;a href="https://ec.europa.eu/eurostat/web/housing-price-statistics/publications" target="_blank"&gt;Housing prices&lt;/a&gt;&lt;/li&gt;
&lt;li&gt;Publications&amp;nbsp;related to&amp;nbsp;&lt;a href="https://ec.europa.eu/eurostat/web/short-term-business-statistics/publications" target="_blank"&gt;Industry, trade and services&lt;/a&gt;&amp;nbsp;(short-term business statistics)&lt;/li&gt;
&lt;li&gt;Publications&amp;nbsp;related to&amp;nbsp;&lt;a href="https://ec.europa.eu/eurostat/web/international-trade-in-goods/publications" target="_blank"&gt;International trade&lt;/a&gt;&amp;nbsp;&lt;/li&gt;
&lt;li&gt;Publications&amp;nbsp;related to&amp;nbsp;&lt;a href="https://ec.europa.eu/eurostat/web/labour-market/publications" target="_blank"&gt;Labour market&lt;/a&gt;&amp;nbsp;(job vacancies, labour costs)&lt;/li&gt;
&lt;li&gt;Publications&amp;nbsp;related to&amp;nbsp;&lt;a href="https://ec.europa.eu/eurostat/web/lfs/publications" target="_blank"&gt;Unemployment&lt;/a&gt;&amp;nbsp;(LFS)&lt;/li&gt;
&lt;li&gt;Publications&amp;nbsp;related to&amp;nbsp;&lt;a href="https://ec.europa.eu/eurostat/web/national-accounts/publications" target="_blank"&gt;National accounts&lt;/a&gt;&lt;/li&gt;
&lt;li&gt;Publications&amp;nbsp;related to&amp;nbsp;&lt;a href="https://ec.europa.eu/eurostat/web/government-finance-statistics/publications" target="_blank"&gt;Government finance statistics&lt;/a&gt;&lt;/li&gt;
&lt;/ul&gt;</genericmetadata:Value>
                </genericmetadata:ReportedAttribute>
                <genericmetadata:ReportedAttribute conceptID="ONLINE_DB">
                    <genericmetadata:Value>&lt;p&gt;Data are available in Eurostat’s database as either &lt;a href="https://ec.europa.eu/eurostat/web/euro-indicators/database" target="_blank"&gt;selected datasets or detailed datasets&lt;/a&gt;.&lt;/p&gt;
&lt;ul&gt;
&lt;li&gt;‘Selected datasets’ offer a selection of the most important data in a user-friendly way. All data are presented in simple two or three dimensional tables.&lt;/li&gt;
&lt;li&gt;‘Detailed datasets’ contains the full range of data publically available. They are presented in multi-dimensional tables with various selection features and export formats.&lt;/li&gt;
&lt;/ul&gt;
&lt;p&gt;Many Euro indicators and PEEIs are also presented in the&amp;nbsp;&lt;a href="https://ec.europa.eu/eurostat/cache/dashboard/euro-indicators/" target="_blank"&gt;Euro indicators dashboard&lt;/a&gt;&amp;nbsp;on Eurostat’s website.&lt;/p&gt;</genericmetadata:Value>
                </genericmetadata:ReportedAttribute>
                <genericmetadata:ReportedAttribute conceptID="MICRO_DAT_ACC">
                    <genericmetadata:Value>&lt;p&gt;None.&lt;/p&gt;</genericmetadata:Value>
                </genericmetadata:ReportedAttribute>
                <genericmetadata:ReportedAttribute conceptID="DISS_OTHER">
                    <genericmetadata:Value>&lt;p&gt;See metadata by topic (links are available in the section ‘Related metadata’ below).&lt;/p&gt;</genericmetadata:Value>
                </genericmetadata:ReportedAttribute>
                <genericmetadata:ReportedAttribute conceptID="DOC_METHOD">
                    <genericmetadata:Value>&lt;p&gt;Specific information on methodology can be found in metadata by topic (links are available in&amp;nbsp;the section ‘Related metadata’ below) and in the dedicated sections for some of the topics on Eurostat’s website, under the heading ‘Methodology’:&lt;/p&gt;
&lt;ul&gt;
&lt;li&gt;Methodology&amp;nbsp;related to&amp;nbsp;&lt;a href="https://ec.europa.eu/eurostat/web/balance-of-payments/overview" target="_blank"&gt;Balance of payments&lt;/a&gt;&lt;/li&gt;
&lt;li&gt;Methodology&amp;nbsp;related to&amp;nbsp;&lt;a href="https://ec.europa.eu/eurostat/web/hicp/methodology" target="_blank"&gt;Consumer prices&lt;/a&gt; (HICP)&amp;nbsp;&lt;/li&gt;
&lt;li&gt;Methodology&amp;nbsp;related to&amp;nbsp;&lt;a href="https://ec.europa.eu/eurostat/web/housing-price-statistics/methodology" target="_blank"&gt;Housing prices&lt;/a&gt;&lt;/li&gt;
&lt;li&gt;Methodology&amp;nbsp;related to&amp;nbsp;&lt;a href="https://ec.europa.eu/eurostat/web/short-term-business-statistics/methodology" target="_blank"&gt;Industry, trade and services&lt;/a&gt;&amp;nbsp;(short-term business statistics)&lt;/li&gt;
&lt;li&gt;Methodology&amp;nbsp;related to&amp;nbsp;&lt;a href="https://ec.europa.eu/eurostat/web/international-trade-in-goods/methodology" target="_blank"&gt;International trade&lt;/a&gt;&amp;nbsp;&lt;/li&gt;
&lt;li&gt;Methodology&amp;nbsp;related to&amp;nbsp;&lt;a href="https://ec.europa.eu/eurostat/web/labour-market/methodology" target="_blank"&gt;Labour market&lt;/a&gt;&amp;nbsp;(job vacancies, labour costs)&lt;/li&gt;
&lt;li&gt;Methodology&amp;nbsp;related to&amp;nbsp;&lt;a href="https://ec.europa.eu/eurostat/web/lfs/methodology" target="_blank"&gt;Unemployment&lt;/a&gt;&amp;nbsp;(LFS)&lt;/li&gt;
&lt;li&gt;Methodology&amp;nbsp;related to&amp;nbsp;&lt;a href="https://ec.europa.eu/eurostat/web/national-accounts/methodology" target="_blank"&gt;National accounts&lt;/a&gt;&lt;/li&gt;
&lt;li&gt;Methodology&amp;nbsp;related to&amp;nbsp;&lt;a href="https://ec.europa.eu/eurostat/web/government-finance-statistics/methodology" target="_blank"&gt;Government finance statistics&lt;/a&gt;&lt;/li&gt;
&lt;li&gt;Methodology&amp;nbsp;related to &lt;a href="https://ec.europa.eu/eurostat/web/sector-accounts/methodology" target="_blank"&gt;Sector accounts&lt;/a&gt;&lt;/li&gt;
&lt;/ul&gt;</genericmetadata:Value>
                </genericmetadata:ReportedAttribute>
                <genericmetadata:ReportedAttribute conceptID="QUALITY_DOC">
                    <genericmetadata:Value>&lt;p&gt;See metadata by topic (links are available in&amp;nbsp;the section ‘Related metadata’ below).&lt;/p&gt;</genericmetadata:Value>
                </genericmetadata:ReportedAttribute>
            </genericmetadata:ReportedAttribute>
            <genericmetadata:ReportedAttribute conceptID="QUALITY_MGMNT">
                <genericmetadata:Value></genericmetadata:Value>
                <genericmetadata:ReportedAttribute conceptID="QUALITY_ASSURE">
                    <genericmetadata:Value>&lt;p&gt;Specific information on quality assurance can be found in metadata by topic (links are available in the section ‘Related metadata’ below) and in the dedicated sections for some of the topics on Eurostat’s website, under the heading ‘Quality’:&lt;/p&gt;
&lt;ul&gt;
&lt;li&gt;Quality related to &lt;a href="https://ec.europa.eu/eurostat/web/hicp/quality" target="_blank"&gt;Consumer prices&lt;/a&gt; (HICP)&lt;/li&gt;
&lt;li&gt;Quality related to &lt;a href="https://ec.europa.eu/eurostat/web/short-term-business-statistics/quality" target="_blank"&gt;Industry, trade and services&lt;/a&gt; (short-term business statistics)&lt;/li&gt;
&lt;li&gt;Quality related to &lt;a href="https://ec.europa.eu/eurostat/web/international-trade-in-goods/quality" target="_blank"&gt;International trade&lt;/a&gt;&lt;/li&gt;
&lt;li&gt;Quality related to &lt;a href="https://ec.europa.eu/eurostat/web/lfs/quality" target="_blank"&gt;Unemployment&lt;/a&gt; (LFS)&lt;/li&gt;
&lt;/ul&gt;</genericmetadata:Value>
                </genericmetadata:ReportedAttribute>
                <genericmetadata:ReportedAttribute conceptID="QUALITY_ASSMNT">
                    <genericmetadata:Value>&lt;p&gt;See metadata by topic (links are available in&amp;nbsp;the section ‘Related metadata’ below).&lt;/p&gt;</genericmetadata:Value>
                </genericmetadata:ReportedAttribute>
            </genericmetadata:ReportedAttribute>
            <genericmetadata:ReportedAttribute conceptID="RELEVANCE">
                <genericmetadata:Value></genericmetadata:Value>
                <genericmetadata:ReportedAttribute conceptID="USER_NEEDS">
                    <genericmetadata:Value>&lt;p&gt;The&amp;nbsp;dedicated section for &lt;a href="https://ec.europa.eu/eurostat/web/euro-indicators" target="_blank"&gt;Euro indicators and PEEIs&lt;/a&gt; on Eurostat’s website is designed to give a general overview of the recent past and near future of the economy in the euro area, European Union and its Member States. It is essentially addressed to specialised users, such as official statisticians and economists, academics, researchers, journalists, etc. It also contains useful information for students and the general public interested in the economic situation at the European level.&lt;/p&gt;</genericmetadata:Value>
                </genericmetadata:ReportedAttribute>
                <genericmetadata:ReportedAttribute conceptID="USER_SAT">
                    <genericmetadata:Value>&lt;p&gt;&lt;span&gt;A user satisfaction survey is carried out by Eurostat on an annual basis since 2009.&amp;nbsp;The latest results can be consulted online on Eurostat’s website.&lt;/span&gt;&lt;/p&gt;</genericmetadata:Value>
                </genericmetadata:ReportedAttribute>
                <genericmetadata:ReportedAttribute conceptID="COMPLETENESS">
                    <genericmetadata:Value>&lt;p&gt;See metadata by topic (links are available in the section &amp;lsquo;Related metadata&amp;rsquo; below).&lt;/p&gt;</genericmetadata:Value>
                </genericmetadata:ReportedAttribute>
            </genericmetadata:ReportedAttribute>
            <genericmetadata:ReportedAttribute conceptID="ACCURACY">
                <genericmetadata:Value></genericmetadata:Value>
                <genericmetadata:ReportedAttribute conceptID="ACCURACY_OVERALL">
                    <genericmetadata:Value>&lt;p&gt;See metadata by topic (links are available in the section &amp;lsquo;Related metadata&amp;rsquo; below).&lt;/p&gt;</genericmetadata:Value>
                </genericmetadata:ReportedAttribute>
                <genericmetadata:ReportedAttribute conceptID="SAMPLING_ERR">
                    <genericmetadata:Value>&lt;p&gt;See metadata by topic (links are available in the section &amp;lsquo;Related metadata&amp;rsquo; below).&lt;/p&gt;</genericmetadata:Value>
                </genericmetadata:ReportedAttribute>
                <genericmetadata:ReportedAttribute conceptID="NONSAMPLING_ERR">
                    <genericmetadata:Value>&lt;p&gt;See metadata by topic (links are available in the section &amp;lsquo;Related metadata&amp;rsquo; below).&lt;/p&gt;</genericmetadata:Value>
                </genericmetadata:ReportedAttribute>
            </genericmetadata:ReportedAttribute>
            <genericmetadata:ReportedAttribute conceptID="TIMELINESS_PUNCT">
                <genericmetadata:Value></genericmetadata:Value>
                <genericmetadata:ReportedAttribute conceptID="TIMELINESS">
                    <genericmetadata:Value>&lt;p&gt;See metadata by topic (links are available in the section &amp;lsquo;Related metadata&amp;rsquo; below).&lt;/p&gt;</genericmetadata:Value>
                </genericmetadata:ReportedAttribute>
                <genericmetadata:ReportedAttribute conceptID="PUNCTUALITY">
                    <genericmetadata:Value>&lt;p&gt;All news releases are published according to the announced release calendars. Other indicators, not included in the news releases, are also published on time.&lt;/p&gt;</genericmetadata:Value>
                </genericmetadata:ReportedAttribute>
            </genericmetadata:ReportedAttribute>
            <genericmetadata:ReportedAttribute conceptID="COHER_COMPAR">
                <genericmetadata:Value></genericmetadata:Value>
                <genericmetadata:ReportedAttribute conceptID="COMPAR_GEO">
                    <genericmetadata:Value>&lt;p&gt;See metadata by topic (links are available in the section &amp;lsquo;Related metadata&amp;rsquo; below).&lt;/p&gt;</genericmetadata:Value>
                </genericmetadata:ReportedAttribute>
                <genericmetadata:ReportedAttribute conceptID="COMPAR_TIME">
                    <genericmetadata:Value>&lt;p&gt;See metadata by topic (links are available in the section &amp;lsquo;Related metadata&amp;rsquo; below).&lt;/p&gt;</genericmetadata:Value>
                </genericmetadata:ReportedAttribute>
                <genericmetadata:ReportedAttribute conceptID="COHER_X_DOM">
                    <genericmetadata:Value>&lt;p&gt;See metadata by topic (links are available in the section &amp;lsquo;Related metadata&amp;rsquo; below).&lt;/p&gt;</genericmetadata:Value>
                </genericmetadata:ReportedAttribute>
                <genericmetadata:ReportedAttribute conceptID="COHER_INTERNAL">
                    <genericmetadata:Value>&lt;p&gt;See metadata by topic (links are available in the section &amp;lsquo;Related metadata&amp;rsquo; below).&lt;/p&gt;</genericmetadata:Value>
                </genericmetadata:ReportedAttribute>
            </genericmetadata:ReportedAttribute>
            <genericmetadata:ReportedAttribute conceptID="COST_BURDEN">
                <genericmetadata:Value>&lt;p&gt;Not available.&lt;/p&gt;</genericmetadata:Value>
            </genericmetadata:ReportedAttribute>
            <genericmetadata:ReportedAttribute conceptID="DATA_REV">
                <genericmetadata:Value></genericmetadata:Value>
                <genericmetadata:ReportedAttribute conceptID="REV_POLICY">
                    <genericmetadata:Value>&lt;p&gt;Most of the data disseminated consist of data already disseminated in Eurobase by the following domains:&lt;/p&gt;
&lt;ul&gt;
&lt;li&gt;Balance of payments - International transactions (BPM6)&lt;/li&gt;
&lt;li&gt;Harmonised index of consumer prices (HICP)&lt;/li&gt;
&lt;li&gt;Short-term business statistics, sub domains Industry, Construction, Trade, and Services.&lt;/li&gt;
&lt;li&gt;International Trade in goods&lt;/li&gt;
&lt;li&gt;EMU convergence criterion series&lt;/li&gt;
&lt;li&gt;Short-term interest rates&lt;/li&gt;
&lt;li&gt;Euro yield curves&lt;/li&gt;
&lt;li&gt;Euro/ECU exchange rates&lt;/li&gt;
&lt;li&gt;Effective exchange rates indices&lt;/li&gt;
&lt;li&gt;Quarterly national accounts&lt;/li&gt;
&lt;li&gt;Annual national accounts&lt;/li&gt;
&lt;li&gt;Quarterly sector accounts&lt;/li&gt;
&lt;li&gt;Government finance statistics (EDP and ESA 2010)&lt;/li&gt;
&lt;/ul&gt;
&lt;p&gt;&amp;nbsp;&lt;/p&gt;
&lt;p&gt;The revision policy is therefore effectively the revision policy of those domains.&lt;/p&gt;
&lt;p&gt;For the business and consumer surveys domain, please consult:&lt;/p&gt;
&lt;p&gt;&lt;a href="https://ec.europa.eu/eurostat/cache/metadata/en/ei_bcs_esms.htm"&gt;https://ec.europa.eu/eurostat/cache/metadata/en/ei_bcs_esms.htm&lt;/a&gt;&lt;/p&gt;</genericmetadata:Value>
                </genericmetadata:ReportedAttribute>
                <genericmetadata:ReportedAttribute conceptID="REV_PRACTICE">
                    <genericmetadata:Value>&lt;p&gt;The revision practice effectively corresponds to the revision practice of the domains listed under sub‑concept 17.1 (data revision – policy).&lt;/p&gt;
&lt;p&gt;For the business and consumer surveys domain, the revision practices are detailed in:&lt;a href="https://ec.europa.eu/eurostat/cache/metadata/en/ei_bcs_esms.htm"&gt;https://ec.europa.eu/eurostat/cache/metadata/en/ei_bcs_esms.htm&lt;/a&gt;&lt;/p&gt;</genericmetadata:Value>
                </genericmetadata:ReportedAttribute>
            </genericmetadata:ReportedAttribute>
            <genericmetadata:ReportedAttribute conceptID="STAT_PROCESS">
                <genericmetadata:Value></genericmetadata:Value>
                <genericmetadata:ReportedAttribute conceptID="SOURCE_TYPE">
                    <genericmetadata:Value>&lt;p&gt;See metadata by topic (links are available in&amp;nbsp;the section &amp;lsquo;Related metadata&amp;rsquo; below).&lt;/p&gt;</genericmetadata:Value>
                </genericmetadata:ReportedAttribute>
                <genericmetadata:ReportedAttribute conceptID="FREQ_COLL">
                    <genericmetadata:Value>&lt;p&gt;See metadata by topic (links are available in&amp;nbsp;the section &amp;lsquo;Related metadata&amp;rsquo; below).&lt;/p&gt;</genericmetadata:Value>
                </genericmetadata:ReportedAttribute>
                <genericmetadata:ReportedAttribute conceptID="COLL_METHOD">
                    <genericmetadata:Value>&lt;p&gt;See metadata by topic (links are available in&amp;nbsp;the section &amp;lsquo;Related metadata&amp;rsquo; below).&lt;/p&gt;</genericmetadata:Value>
                </genericmetadata:ReportedAttribute>
                <genericmetadata:ReportedAttribute conceptID="DATA_VALIDATION">
                    <genericmetadata:Value>&lt;p&gt;See metadata by topic (links are available in&amp;nbsp;the section &amp;lsquo;Related metadata&amp;rsquo; below).&lt;/p&gt;</genericmetadata:Value>
                </genericmetadata:ReportedAttribute>
                <genericmetadata:ReportedAttribute conceptID="DATA_COMP">
                    <genericmetadata:Value>&lt;p&gt;See metadata by topic (links are available in&amp;nbsp;the section &amp;lsquo;Related metadata&amp;rsquo; below).&lt;/p&gt;</genericmetadata:Value>
                </genericmetadata:ReportedAttribute>
                <genericmetadata:ReportedAttribute conceptID="ADJUSTMENT">
                    <genericmetadata:Value>&lt;p&gt;See metadata by topic (links are available in&amp;nbsp;the section &amp;lsquo;Related metadata&amp;rsquo; below).&lt;/p&gt;</genericmetadata:Value>
                </genericmetadata:ReportedAttribute>
            </genericmetadata:ReportedAttribute>
            <genericmetadata:ReportedAttribute conceptID="COMMENT_DSET">
                <genericmetadata:Value>&lt;p&gt;None.&lt;/p&gt;</genericmetadata:Value>
            </genericmetadata:ReportedAttribute>
        </genericmetadata:AttributeValueSet>
        <genericmetadata:Annotations>
            <common:Annotation>
                <common:AnnotationType>FOR_PUBLICATION</common:AnnotationType>
                <common:AnnotationText>YES</common:AnnotationText>
            </common:Annotation>
            <common:Annotation>
                <common:AnnotationType>RELATED_METADATA</common:AnnotationType>
                <common:AnnotationText>ei_bcs_esms</common:AnnotationText>
                <common:AnnotationURL>https://ec.europa.eu/eurostat/cache/metadata/EN/ei_bcs_esms.htm</common:AnnotationURL>
            </common:Annotation>
            <common:Annotation>
                <common:AnnotationType>RELATED_METADATA</common:AnnotationType>
                <common:AnnotationText>ei_cp_esms</common:AnnotationText>
                <common:AnnotationURL>https://ec.europa.eu/eurostat/cache/metadata/EN/ei_cp_esms.htm</common:AnnotationURL>
            </common:Annotation>
            <common:Annotation>
                <common:AnnotationType>RELATED_METADATA</common:AnnotationType>
                <common:AnnotationText>ei_bp_esms</common:AnnotationText>
                <common:AnnotationURL>https://ec.europa.eu/eurostat/cache/metadata/EN/ei_bp_esms.htm</common:AnnotationURL>
            </common:Annotation>
            <common:Annotation>
                <common:AnnotationType>RELATED_METADATA</common:AnnotationType>
                <common:AnnotationText>ei_et_esms</common:AnnotationText>
                <common:AnnotationURL>https://ec.europa.eu/eurostat/cache/metadata/EN/ei_et_esms.htm</common:AnnotationURL>
            </common:Annotation>
            <common:Annotation>
                <common:AnnotationType>RELATED_METADATA</common:AnnotationType>
                <common:AnnotationText>ei_is_esms</common:AnnotationText>
                <common:AnnotationURL>https://ec.europa.eu/eurostat/cache/metadata/EN/ei_is_esms.htm</common:AnnotationURL>
            </common:Annotation>
            <common:Annotation>
                <common:AnnotationType>RELATED_METADATA</common:AnnotationType>
                <common:AnnotationText>ei_mf_esms</common:AnnotationText>
                <common:AnnotationURL>https://ec.europa.eu/eurostat/cache/metadata/EN/ei_mf_esms.htm</common:AnnotationURL>
            </common:Annotation>
            <common:Annotation>
                <common:AnnotationType>RELATED_METADATA</common:AnnotationType>
                <common:AnnotationText>ei_qna_esms</common:AnnotationText>
                <common:AnnotationURL>https://ec.europa.eu/eurostat/cache/metadata/EN/ei_qna_esms.htm</common:AnnotationURL>
            </common:Annotation>
            <common:Annotation>
                <common:AnnotationType>RELATED_METADATA</common:AnnotationType>
                <common:AnnotationText>jvs_esms</common:AnnotationText>
                <common:AnnotationURL>https://ec.europa.eu/eurostat/cache/metadata/EN/jvs_esms.htm</common:AnnotationURL>
            </common:Annotation>
            <common:Annotation>
                <common:AnnotationType>RELATED_METADATA</common:AnnotationType>
                <common:AnnotationText>lci_esms</common:AnnotationText>
                <common:AnnotationURL>https://ec.europa.eu/eurostat/cache/metadata/EN/lci_esms.htm</common:AnnotationURL>
            </common:Annotation>
            <common:Annotation>
                <common:AnnotationType>RELATED_METADATA</common:AnnotationType>
                <common:AnnotationText>une_rt_m_esms</common:AnnotationText>
                <common:AnnotationURL>https://ec.europa.eu/eurostat/cache/metadata/EN/une_rt_m_esms.htm</common:AnnotationURL>
            </common:Annotation>
            <common:Annotation>
                <common:AnnotationType>RELATED_METADATA</common:AnnotationType>
                <common:AnnotationText>prc_hpi_inx_esms</common:AnnotationText>
                <common:AnnotationURL>https://ec.europa.eu/eurostat/cache/metadata/EN/prc_hpi_inx_esms.htm</common:AnnotationURL>
            </common:Annotation>
        </genericmetadata:Annotations>
    </genericmetadata:MetadataSet>
</GenericMetadata>
